{"ru_utime" : 26.119029, "ru_stime" : 0.442933, "ru_nvcsw" : 22386, "ru_nivcsw" : 95, "realtime" : 4.576675}