{"ru_utime" : 0.000000, "ru_stime" : 0.000000, "ru_nvcsw" : 1, "ru_nivcsw" : 0, "realtime" : 0.000035}