{"ru_utime" : 0.149977, "ru_stime" : 0.000000, "ru_nvcsw" : 2, "ru_nivcsw" : 0, "realtime" : 0.150159}