{"ru_utime" : 64.510193, "ru_stime" : 4.919252, "ru_nvcsw" : 127635, "ru_nivcsw" : 284, "realtime" : 1.920174}