{"ru_utime" : 8.911646, "ru_stime" : 70.792237, "ru_nvcsw" : 434345, "ru_nivcsw" : 415, "realtime" : 5.443299}