{"ru_utime" : 33.973836, "ru_stime" : 0.059991, "ru_nvcsw" : 3745, "ru_nivcsw" : 40, "realtime" : 5.672276}