{"ru_utime" : 642.875268, "ru_stime" : 18.454194, "ru_nvcsw" : 844109, "ru_nivcsw" : 17363, "realtime" : 33.294792}