{"ru_utime" : 0.018997, "ru_stime" : 0.118982, "ru_nvcsw" : 581, "ru_nivcsw" : 6, "realtime" : 0.009009}